{
    "-esJrBWj2d8": {
        "f_score_max": 0.20218667957393752,
        "f_score_avg": 0.10725544940441978
    },
    "0tmA_C6XwfM": {
        "f_score_max": 0.28382903942438414,
        "f_score_avg": 0.18684538103961998
    },
    "37rzWOQsNIw": {
        "f_score_max": 0.4232844537548403,
        "f_score_avg": 0.29025327740461915
    },
    "3eYKfiOEJNs": {
        "f_score_max": 0.09113922080246878,
        "f_score_avg": 0.04940859073442192
    },
    "4wU_LUjG5Ic": {
        "f_score_max": 0.17496269906217615,
        "f_score_avg": 0.14552502233341633
    },
    "91IHQYk1IQM": {
        "f_score_max": 0.3567266650883657,
        "f_score_avg": 0.22752641231626694
    },
    "98MoyGZKHXc": {
        "f_score_max": 0.16639451876879352,
        "f_score_avg": 0.11712208271023739
    },
    "akI8YFjEmUw": {
        "f_score_max": 0.2226476555133297,
        "f_score_avg": 0.11370835097143181
    },
    "AwmHb44_ouw": {
        "f_score_max": 0.2748803232730165,
        "f_score_avg": 0.16073933599887763
    },
    "b626MiF1ew4": {
        "f_score_max": 0.08871460758800387,
        "f_score_avg": 0.061800148005974644
    },
    "Bhxk-O1Y7Ho": {
        "f_score_max": 0.03323537574445992,
        "f_score_avg": 0.021535240358283726
    },
    "byxOvuiIJV0": {
        "f_score_max": 0.2458395428677523,
        "f_score_avg": 0.09726296026424568
    },
    "cjibtmSLxQ4": {
        "f_score_max": 0.07476543897755333,
        "f_score_avg": 0.06189028502730307
    },
    "E11zDS9XGzg": {
        "f_score_max": 0.061747401486657534,
        "f_score_avg": 0.030893972246739156
    },
    "EE-bNr36nyA": {
        "f_score_max": 0.2563671231033207,
        "f_score_avg": 0.146400879239508
    },
    "eQu1rNs0an0": {
        "f_score_max": 0.1292024941193694,
        "f_score_avg": 0.09972088037717816
    },
    "EYqVtI9YWJA": {
        "f_score_max": 0.11586632981950092,
        "f_score_avg": 0.08356353149075306
    },
    "fWutDQy1nnY": {
        "f_score_max": 0.09114418820690606,
        "f_score_avg": 0.05364346348223081
    },
    "GsAD1KT1xo8": {
        "f_score_max": 0.21582934298895773,
        "f_score_avg": 0.13186348961775415
    },
    "gzDbaEs1Rlg": {
        "f_score_max": 0.13313199009647403,
        "f_score_avg": 0.08570205893943025
    },
    "Hl-__g2gn_A": {
        "f_score_max": 0.1378229679704316,
        "f_score_avg": 0.08675694007384131
    },
    "HT5vyqe0Xaw": {
        "f_score_max": 0.0341430201579518,
        "f_score_avg": 0.026007919827439517
    },
    "i3wAGJaaktw": {
        "f_score_max": 0.31800951151803775,
        "f_score_avg": 0.21502305404224833
    },
    "iVt07TCkFM0": {
        "f_score_max": 0.4093417239290256,
        "f_score_avg": 0.2283340846615276
    },
    "J0nA4VgnoCo": {
        "f_score_max": 0.04405692014864497,
        "f_score_avg": 0.025996852864892846
    },
    "jcoYJXDG9sw": {
        "f_score_max": 0.056040888162475204,
        "f_score_avg": 0.04746693233057744
    },
    "JgHubY5Vw3Y": {
        "f_score_max": 0.09612620268570783,
        "f_score_avg": 0.07703348720773391
    },
    "JKpqYvAdIsw": {
        "f_score_max": 0.18787929330545816,
        "f_score_avg": 0.11720108504803177
    },
    "kLxoNp-UchI": {
        "f_score_max": 0.21326072026699758,
        "f_score_avg": 0.12078535478001048
    },
    "LRw_obCPUt0": {
        "f_score_max": 0.1093023889249618,
        "f_score_avg": 0.07614842050546537
    },
    "NyBmCxDoHJU": {
        "f_score_max": 0.1114423504723928,
        "f_score_avg": 0.07159338598738514
    },
    "oDXZc0tZe04": {
        "f_score_max": 0.2597722429307926,
        "f_score_avg": 0.16802821975807491
    },
    "PJrm840pAUI": {
        "f_score_max": 0.09660941352700099,
        "f_score_avg": 0.06985132608343765
    },
    "qqR6AEXwxoQ": {
        "f_score_max": 0.04891000558971492,
        "f_score_avg": 0.031922732095051996
    },
    "RBCABdttQmI": {
        "f_score_max": 0.03660657711802622,
        "f_score_avg": 0.028840971008761172
    },
    "Se3oxnaPsz0": {
        "f_score_max": 0.1836969949029244,
        "f_score_avg": 0.1060541202184599
    },
    "sTEELN-vY30": {
        "f_score_max": 0.18034496894359517,
        "f_score_avg": 0.13113202688352138
    },
    "uGu_10sucQo": {
        "f_score_max": 0.3871334547103768,
        "f_score_avg": 0.22520351925080212
    },
    "vdmoEJ5YbrQ": {
        "f_score_max": 0.12761305256043715,
        "f_score_avg": 0.08381600595524474
    },
    "VuWGsYPqAX8": {
        "f_score_max": 0.0608531696998025,
        "f_score_avg": 0.05000478738608409
    },
    "WG0MBPpPC6I": {
        "f_score_max": 0.05549932455045682,
        "f_score_avg": 0.038485883682204396
    }
}