{"-esJrBWj2d8": {"f_score_max": 12.401004442727446, "f_score_avg": 9.15465051591767}, "0tmA_C6XwfM": {"f_score_max": 13.996733257946978, "f_score_avg": 9.335543276110029}, "37rzWOQsNIw": {"f_score_max": 12.239198291440777, "f_score_avg": 9.747591122283165}, "3eYKfiOEJNs": {"f_score_max": 12.114791987673343, "f_score_avg": 8.912834853369818}, "4wU_LUjG5Ic": {"f_score_max": 14.343908159486485, "f_score_avg": 10.845072363490381}, "91IHQYk1IQM": {"f_score_max": 12.089106221135559, "f_score_avg": 9.666231127798985}, "98MoyGZKHXc": {"f_score_max": 12.109374999999998, "f_score_avg": 9.322414845620376}, "akI8YFjEmUw": {"f_score_max": 13.80846325167038, "f_score_avg": 9.897904879998173}, "AwmHb44_ouw": {"f_score_max": 14.924556685052648, "f_score_avg": 11.931029880134494}, "b626MiF1ew4": {"f_score_max": 12.361099845891799, "f_score_avg": 9.31357449591753}, "Bhxk-O1Y7Ho": {"f_score_max": 16.27679931268794, "f_score_avg": 12.490723758283393}, "byxOvuiIJV0": {"f_score_max": 13.942826321467097, "f_score_avg": 9.68199197957422}, "cjibtmSLxQ4": {"f_score_max": 12.283690964272404, "f_score_avg": 9.302308204325412}, "E11zDS9XGzg": {"f_score_max": 16.17726293103448, "f_score_avg": 11.815964498405995}, "EE-bNr36nyA": {"f_score_max": 13.529313512610655, "f_score_avg": 9.249740479538278}, "eQu1rNs0an0": {"f_score_max": 13.810282981267438, "f_score_avg": 10.878807729052689}, "EYqVtI9YWJA": {"f_score_max": 14.978811727060451, "f_score_avg": 10.030084128201953}, "fWutDQy1nnY": {"f_score_max": 14.530984243124417, "f_score_avg": 9.530295623870307}, "GsAD1KT1xo8": {"f_score_max": 14.854337850816348, "f_score_avg": 10.667946852803523}, "gzDbaEs1Rlg": {"f_score_max": 11.451297266586707, "f_score_avg": 9.332882565899098}, "Hl-__g2gn_A": {"f_score_max": 14.117647058823529, "f_score_avg": 11.723708899015744}, "HT5vyqe0Xaw": {"f_score_max": 15.525065399604934, "f_score_avg": 9.251282499635836}, "i3wAGJaaktw": {"f_score_max": 15.83590179615262, "f_score_avg": 8.47510941466443}, "iVt07TCkFM0": {"f_score_max": 16.44859813084112, "f_score_avg": 10.346255969982664}, "J0nA4VgnoCo": {"f_score_max": 12.22172751558326, "f_score_avg": 9.99031701552088}, "jcoYJXDG9sw": {"f_score_max": 13.235160439960003, "f_score_avg": 9.474606656679015}, "JgHubY5Vw3Y": {"f_score_max": 15.49227799227799, "f_score_avg": 9.709686138695144}, "JKpqYvAdIsw": {"f_score_max": 12.279205749786817, "f_score_avg": 8.771643713836355}, "kLxoNp-UchI": {"f_score_max": 15.081320847708229, "f_score_avg": 10.11886425704682}, "LRw_obCPUt0": {"f_score_max": 15.873794343632502, "f_score_avg": 12.073460249655456}, "NyBmCxDoHJU": {"f_score_max": 11.592854484555264, "f_score_avg": 8.394055338102534}, "oDXZc0tZe04": {"f_score_max": 14.362071075931288, "f_score_avg": 11.510413295863229}, "PJrm840pAUI": {"f_score_max": 16.040220253770645, "f_score_avg": 10.57668269902249}, "qqR6AEXwxoQ": {"f_score_max": 13.918367346938773, "f_score_avg": 9.704042395164828}, "RBCABdttQmI": {"f_score_max": 13.19109236198434, "f_score_avg": 9.396169752421592}, "Se3oxnaPsz0": {"f_score_max": 12.83966655840641, "f_score_avg": 9.176116249619032}, "sTEELN-vY30": {"f_score_max": 13.529610068547026, "f_score_avg": 10.014153440571747}, "uGu_10sucQo": {"f_score_max": 12.583271650629163, "f_score_avg": 9.27604694619836}, "vdmoEJ5YbrQ": {"f_score_max": 14.068230919961813, "f_score_avg": 10.297640227882894}, "VuWGsYPqAX8": {"f_score_max": 13.54022351528586, "f_score_avg": 9.346178694182743}, "WG0MBPpPC6I": {"f_score_max": 13.16982687551525, "f_score_avg": 8.8599528204245}, "WxtbjNsCQ8A": {"f_score_max": 14.686796450801218, "f_score_avg": 11.369897193811138}, "XkqCExn6_Us": {"f_score_max": 14.956789595276804, "f_score_avg": 10.76703788290782}, "xmEERLqJ2kU": {"f_score_max": 13.77199100984267, "f_score_avg": 7.951467541859175}, "xwqBXPGE9pQ": {"f_score_max": 14.863192630276362, "f_score_avg": 7.968081068877926}, "xxdtq8mxegs": {"f_score_max": 14.873808188446441, "f_score_avg": 9.775862882244683}, "XzYM3PfTM4w": {"f_score_max": 16.281932902431514, "f_score_avg": 11.33823468546442}, "Yi4Ij2NM7U4": {"f_score_max": 16.716515308064604, "f_score_avg": 12.932204662413335}, "z_6gVvQb2d0": {"f_score_max": 11.73266517784193, "f_score_avg": 9.554083396410402}, "_xMr-HKMfVA": {"f_score_max": 13.171683961779513, "f_score_avg": 8.933679047973461}}